id,filename,category,duration_sec,initial_silence_ms,greeting_ms,after_greeting_silence_ms,beep_detected,beep_freq_hz,vosk_latency_ms,whisper_latency_ms,vosk_text,whisper_text
1,"031718-MANUAL-1565484984984-1789615038.68651.wav",HUMAN,4.56,610,1370,2560,False,0,815,6249,"bom dia","Alô, bom dia!"
2,"032056-PRED-11991571326-1789615256.68655.wav",HUMAN,1.16,70,230,230,False,0,598,2721,"pode falar","Fala, pode falar."
3,"032056-PRED-13997107661-1789615256.68653.wav",MACHINE,3.8,50,150,450,False,0,1054,3089,"quem fala","Oi, é o Márcio, quem fala?"
4,"032056-PRED-18982070286-1789615256.68654.wav",MACHINE,3.48,80,2790,590,False,0,656,3089,"chamada encaminhada para a caixa postal","chamada encaminhada para a caixa postal."
5,"032056-PRED-19996333044-1789615256.68656.wav",HUMAN,1.16,70,230,230,False,0,583,2597,"pode falar","Fala, pode falar."
6,"032113-PRED-11956742804-1789615273.68659.wav",UNCERTAIN,3.34,50,1560,700,False,0,992,3178,"o telefone celular chamado encontra","O telefone celular, chamado, encontra-se de..."
7,"032113-PRED-31984611821-1789615273.68658.wav",HUMAN,4.28,30,1710,2520,False,0,979,2951,"um momento por favor","Alô, só um momento, por favor."
8,"032300-PRED-11978818341-1789615380.68664.wav",MACHINE,4.34,10,990,290,False,0,1539,3551,"a caixa postal deixe seu recado após o sinal sonoro","caixa postal. Deixe seu recado após o sinal sonoro."
9,"032300-PRED-11981823671-1789615380.68662.wav",MACHINE,3.74,50,1210,2460,False,0,650,2930,"boa noite","Alô, boa noite!"
10,"032300-PRED-11988250010-1789615380.68663.wav",MACHINE,6.58,30,2200,580,False,0,1328,4364,"não foi possível completar sua ligação por favor deixe uma mensagem com seu nome telefone","Não foi possível completar sua ligação. Por favor, deixe uma mensagem com seu nome e telefone."
11,"032300-PRED-12988685374-1789615380.68661.wav",HUMAN,1.16,80,890,170,False,0,593,3280,"quem gostaria","Sim, quem gostaria?"
12,"032325-PRED-11941375467-1789615405.68667.wav",HUMAN,1.16,70,230,230,False,0,569,3223,"pode falar","Fala, pode falar."
13,"032325-PRED-11986812919-1789615405.68666.wav",HUMAN,2.94,10,740,2170,False,0,683,3040,"quem fala","Alô, quem fala?"
14,"032326-PRED-11941736364-1789615406.68669.wav",UNCERTAIN,5.52,50,1560,700,False,0,1347,3641,"o telefone celular chamado encontra desligado ou fora da área de","O telefone celular chamado encontra-se desligado ou fora da área de..."
15,"032326-PRED-11996489008-1789615406.68670.wav",HUMAN,1.06,0,640,400,False,0,639,3107,"não","Por favor, não."
16,"032430-PRED-11968692266-1789615470.68671.wav",UNCERTAIN,3.08,0,1600,860,False,0,873,3459,"a caixa de mensagens por favor","Esta é a caixa de mensagens. Por favor."
17,"032430-PRED-11983514029-1789615470.68672.wav",HUMAN,1.9,40,150,410,False,0,725,3334,"e aí tudo bem","Opa, e aí, tudo bem?"
18,"032430-PRED-11994830421-1789615470.68673.wav",MACHINE,6.36,10,990,290,False,0,1470,4219,"a caixa postal deixe seu recado após o sinal sonoro","Caixa postal, deixe seu recado após o sinal sonoro."
19,"032430-PRED-17988051032-1789615470.68674.wav",MACHINE,4.94,150,2680,780,False,0,629,4056,"chamada encaminhada para a caixa postal","chamada encaminhada para a caixa postal. Grave seu recado."
20,"032452-PRED-17981021531-1789615492.68676.wav",MACHINE,5.9,10,990,290,False,0,1570,3859,"a caixa postal deixe seu recado após o sinal sonoro","Caixa postal, deixe seu recado após o sinal sonoro."
21,"032452-PRED-17981034192-1789615492.68677.wav",HUMAN,1.9,40,150,410,False,0,748,3244,"e aí tudo bem","Opa, e aí, tudo bem?"
22,"032625-PRED-17981033674-1789615585.68679.wav",HUMAN,1.0,40,110,240,False,0,809,3241,"","Pronto, pode falar."
23,"032625-PRED-17991103177-1789615585.68681.wav",MACHINE,1.7,50,1190,440,False,0,685,3292,"boa noite","Alô, boa noite!"
24,"032625-PRED-17991642245-1789615585.68680.wav",HUMAN,4.06,30,1300,2710,False,0,775,3702,"alô com quem eu falo","Alô, com quem eu falo?"
25,"032625-PRED-17991768682-1789615585.68682.wav",MACHINE,2.64,50,690,290,False,0,761,3366,"não em que possa ajudar","Pois não, em que posso ajudar."
26,"032626-PRED-11973887990-1789615586.68685.wav",HUMAN,1.9,40,150,410,False,0,709,3389,"e aí tudo bem","Opa, e aí, tudo bem?"
27,"032626-PRED-17996014885-1789615586.68687.wav",MACHINE,5.52,0,1600,860,False,0,1307,4296,"a caixa de mensagens por favor grave seu recado após o tom","Esta é a caixa de mensagens. Por favor, grave seu recado após o tom."
28,"032626-PRED-17996061411-1789615586.68686.wav",MACHINE,3.02,20,830,820,False,0,754,3307,"oi tudo bem quem está falando","Oi, tudo bem? Quem tá falando?"
29,"032626-PRED-17997456261-1789615586.68684.wav",MACHINE,6.62,30,340,590,False,0,1205,4166,"olá não posso atender agora deixe sua mensagem que retorno assim que possível","Olá, não posso atender agora, deixe sua mensagem que retorno assim que possível."
30,"032706-PRED-17988250369-1789615626.68689.wav",HUMAN,1.9,40,150,410,False,0,811,3362,"e aí tudo bem","Opa, e aí, tudo bem?"
31,"032706-PRED-17992132102-1789615626.68688.wav",HUMAN,3.92,40,150,410,False,0,689,3699,"e aí tudo bem","Opa!"
32,"032707-PRED-17981134711-1789615627.68691.wav",HUMAN,1.0,40,110,240,False,0,838,3096,"","Pronto, pode falar."
33,"032707-PRED-17997059752-1789615627.68690.wav",HUMAN,1.16,20,780,340,False,0,551,3397,"boa tarde","Alô, boa tarde."
34,"032719-PRED-17981198743-1789615639.68694.wav",MACHINE,3.02,20,830,820,False,0,749,3505,"oi tudo bem quem está falando","Oi, tudo bem? Quem tá falando?"
35,"032719-PRED-17997812320-1789615639.68693.wav",MACHINE,5.04,20,830,820,False,0,696,3635,"oi tudo bem quem está falando","Oi, tudo bem? Quem tá falando?"
36,"075221-MANUAL-51993341606-1789631541.68696.wav",MACHINE,5.18,530,690,290,False,0,890,3359,"pois não em que possa ajudar","Pois não, em que posso ajudar?"
37,"075252-MANUAL-51993341606-1789631572.68698.wav",MACHINE,7.72,160,1620,860,False,0,1382,4160,"a caixa de mensagens por favor grave seu recado após o tom","Esta é a caixa de mensagens. Por favor, grave seu recado após o tom."
38,"083847-MANUAL-51993341606-1789634327.0.wav",MACHINE,9.16,270,2200,580,False,0,1361,4565,"não foi possível completar sua ligação por favor deixe uma mensagem com seu nome telefone","Não foi possível completar sua ligação. Por favor, deixe uma mensagem com seu nome e telefone."
39,"093828-PRED-17991621179-1789637908.3-rx.wav",UNCERTAIN,0,0,0,0,False,0,43,118,"",""
40,"093828-PRED-17991621179-1789637908.3-tx.wav",UNCERTAIN,0,0,0,0,False,0,47,134,"",""
41,"093828-PRED-17991621179-1789637908.3.wav",UNCERTAIN,0,0,0,0,False,0,47,146,"",""
42,"093828-PRED-17991849343-1789637908.2-rx.wav",UNCERTAIN,0,0,0,0,False,0,53,133,"",""
43,"093828-PRED-17991849343-1789637908.2-tx.wav",UNCERTAIN,0,0,0,0,False,0,43,123,"",""
44,"093828-PRED-17991849343-1789637908.2.wav",UNCERTAIN,0,0,0,0,False,0,80,123,"",""
45,"093828-PRED-17992445115-1789637908.1-rx.wav",UNCERTAIN,0,0,0,0,False,0,66,129,"",""
46,"093828-PRED-17992445115-1789637908.1-tx.wav",UNCERTAIN,0,0,0,0,False,0,46,121,"",""
47,"093828-PRED-17992445115-1789637908.1.wav",UNCERTAIN,0,0,0,0,False,0,44,135,"",""
48,"093828-PRED-17997520320-1789637908.0-rx.wav",UNCERTAIN,0,0,0,0,False,0,43,121,"",""
49,"093828-PRED-17997520320-1789637908.0-tx.wav",UNCERTAIN,0,0,0,0,False,0,44,130,"",""
50,"093828-PRED-17997520320-1789637908.0.wav",UNCERTAIN,0,0,0,0,False,0,51,125,"",""
51,"093846-PRED-17991261343-1789637926.4-rx.wav",UNCERTAIN,0,0,0,0,False,0,51,126,"",""
52,"093846-PRED-17991261343-1789637926.4-tx.wav",UNCERTAIN,0,0,0,0,False,0,47,119,"",""
53,"093846-PRED-17991261343-1789637926.4.wav",UNCERTAIN,0,0,0,0,False,0,47,121,"",""
54,"093846-PRED-17996541905-1789637926.5-rx.wav",UNCERTAIN,0,0,0,0,False,0,42,128,"",""
55,"093846-PRED-17996541905-1789637926.5-tx.wav",UNCERTAIN,0,0,0,0,False,0,42,141,"",""
56,"093846-PRED-17996541905-1789637926.5.wav",UNCERTAIN,0,0,0,0,False,0,44,116,"",""
57,"093906-PRED-16997507354-1789637946.7-rx.wav",UNCERTAIN,0,0,0,0,False,0,44,125,"",""
58,"093906-PRED-16997507354-1789637946.7-tx.wav",UNCERTAIN,0,0,0,0,False,0,61,124,"",""
59,"093906-PRED-16997507354-1789637946.7.wav",UNCERTAIN,0,0,0,0,False,0,43,127,"",""
60,"093906-PRED-17996117407-1789637946.6-rx.wav",UNCERTAIN,0,0,0,0,False,0,49,141,"",""
61,"093906-PRED-17996117407-1789637946.6-tx.wav",UNCERTAIN,0,0,0,0,False,0,50,137,"",""
62,"093906-PRED-17996117407-1789637946.6.wav",UNCERTAIN,0,0,0,0,False,0,43,121,"",""
63,"101819-PRED-16992495835-1789640299.0.wav",HUMAN,3.88,660,780,2420,False,0,706,3218,"boa tarde","Alô, boa tarde"
64,"101819-PRED-17992026669-1789640299.2.wav",HUMAN,3.6,620,110,240,False,0,1099,3289,"pronto","Não, por favor."
65,"101819-PRED-17992522272-1789640299.1.wav",HUMAN,4.84,730,1590,2500,False,0,1347,3594,"com quem eu falo por favor","Pronto, com quem eu falo, por favor."
66,"101819-PRED-17997427765-1789640299.3.wav",MACHINE,9.64,590,1880,210,False,0,1383,4367,"não foi possível completar sua ligação por favor deixe uma mensagem com seu nome telefone","Não foi possível completar sua ligação. Por favor, deixe uma mensagem com seu nome e telefone."
67,"101827-PRED-14998564407-1789640307.10.wav",HUMAN,4.2,340,150,410,False,0,773,4167,"e aí tudo bem","Oh, oh, oh, oh, oh, oh, oh, oh, oh, oh"
68,"101827-PRED-15991854560-1789640307.9.wav",MACHINE,4.54,330,3710,280,False,0,1062,3545,"o número chamado não pode receber chamadas","O número chamado não pode receber chamadas no..."
69,"101915-PRED-12988968567-1789640355.16.wav",MACHINE,7.22,450,2420,260,False,0,696,4031,"chamada encaminhada para a caixa postal","chamada encaminhada para a caixa postal. Grave seu recado."
70,"101915-PRED-16993740570-1789640355.15.wav",HUMAN,3.5,400,110,240,False,0,1082,3229,"",""
71,"101915-PRED-17991957417-1789640355.14.wav",MACHINE,4.0,330,3640,10,False,0,913,3325,"o número chamado não pode receber chamadas","O número chamado não pode receber chamada."
72,"101915-PRED-19997293736-1789640355.13.wav",MACHINE,3.72,410,1130,2160,False,0,576,3317,"oi boa tarde quem é","Oi, boa tarde, quem é?"
73,"101927-PRED-11980712756-1789640367.23.wav",HUMAN,3.54,400,780,2340,False,0,608,3150,"boa tarde","Alô boa tarde"
74,"101927-PRED-12988373813-1789640367.22.wav",MACHINE,4.0,450,150,450,False,0,656,4182,"oi márcia","Oi, é o Marcio que fala."
75,"101947-PRED-13997355743-1789640387.27.wav",MACHINE,4.1,250,2800,640,False,0,1020,4055,"no momento todos os nossos atendentes estão ocupados deixe","No momento, todos os nossos atendentes estão ocupados. Deixe-se..."
76,"101947-PRED-13997883656-1789640387.28.wav",MACHINE,6.62,230,990,290,False,0,1455,3990,"caixa postal deixe seu recado após o sinal sonoro","Caixa postal. Deixe seu recado após o sinal sonoro."
77,"102007-PRED-19992114570-1789640407.34.wav",MACHINE,3.24,170,690,2360,False,0,818,3391,"não","Oi, por favor, não."
78,"102007-PRED-19993795422-1789640407.32.wav",HUMAN,3.2,260,110,240,False,0,1102,3501,"pronto vou falar",""
79,"102007-PRED-19997654020-1789640407.33.wav",MACHINE,4.02,290,150,450,False,0,680,3253,"oi","Oi, é o Marcio que fala."
80,"102008-PRED-14998631127-1789640407.36.wav",HUMAN,3.36,240,780,2320,False,0,628,3516,"boa tarde","Alô, boa tarde."
81,"102027-PRED-15991145364-1789640427.42.wav",HUMAN,3.98,220,150,410,False,0,828,3605,"e aí tudo bem","Oh, oh, oh, oh, oh, oh..."
82,"102027-PRED-19999128654-1789640427.41.wav",MACHINE,9.06,230,340,590,False,0,1244,4195,"olá não posso atender agora deixe sua mensagem que retorno assim que possível","Olá, não posso atender agora. Deixe sua mensagem que retorno assim que possível."
83,"102047-PRED-11954341926-1789640447.47.wav",MACHINE,4.04,300,830,820,False,0,705,3416,"oi tudo bem quem está falando","Oi, tudo bem? Quem tá falando?"
84,"102047-PRED-17996069807-1789640447.46.wav",HUMAN,4.52,310,1710,2480,False,0,1124,3282,"rolou um momento por favor","Alô, só um momento, por favor."
85,"102107-PRED-11957593543-1789640467.55.wav",HUMAN,3.3,420,390,2470,False,0,378,2959,"alô","Alô?"
86,"102107-PRED-11962780778-1789640467.51.wav",HUMAN,3.24,280,110,240,False,0,1052,3305,"",""
87,"102107-PRED-18991283002-1789640467.52.wav",HUMAN,4.04,230,1710,2080,False,0,1213,3345,"um momento por favor","Falou só um momento, por favor."
88,"102107-PRED-18997672213-1789640467.56.wav",MACHINE,7.84,240,1620,860,False,0,1349,4143,"esta é a caixa de mensagens por favor grave seu recado após o tom","Esta é a caixa de mensagens. Por favor, grave seu recado após o tom."
89,"102127-PRED-18981970897-1789640487.60.wav",MACHINE,3.98,270,1190,2500,False,0,665,3372,"boa noite","Alô, boa noite."
90,"102127-PRED-19992827620-1789640487.61.wav",HUMAN,3.32,250,230,230,False,0,490,3202,"fala pode falar","Fala. Pode falar."
91,"102147-PRED-11958019414-1789640507.65.wav",HUMAN,4.02,300,150,410,False,0,692,3949,"e aí tudo bem","Oh, oh, oh, oh, oh, oh, oh, oh, oh, oh, oh"
92,"102147-PRED-11984160527-1789640507.66.wav",HUMAN,3.4,280,780,2320,False,0,631,3453,"boa tarde","Alô, boa tarde."
93,"102207-PRED-11992896840-1789640527.71.wav",MACHINE,4.1,450,990,290,False,0,1327,3933,"caixa postal deixe seu recado após o final","Caixa postal, deixe seu recado após o sinal sonorado."
94,"102207-PRED-11999749900-1789640527.73.wav",MACHINE,5.1,450,690,290,False,0,881,3441,"pois não em que possa ajudar","Pois não, em que posso ajudar."
95,"102207-PRED-12997735313-1789640527.70.wav",HUMAN,4.2,430,1230,2520,False,0,861,3106,"a loba bom dia","Alô bom dia"
96,"102227-PRED-15981394764-1789640547.80.wav",HUMAN,4.48,230,1710,2520,False,0,1353,3473,"um momento por favor","Falou só um momento, por favor."
97,"102247-PRED-12981849327-1789640567.84.wav",MACHINE,4.04,220,150,410,False,0,652,10010,"e aí tudo bem","[WHISPER_ERROR: HTTPConnectionPool(host='localhost', port=8090): Read timed out. (read timeout=10.0)]"
98,"102907-PRED-17991322810-1789640947.104.wav",MACHINE,8.8,540,2820,210,False,0,5367,4687,"chamada estar sendo encaminhada para a caixa postal e estará sujeita a cobrança após o final","Sua chamada está sendo encaminhada para a caixa postal e estará sujeita à cobrança após o sinal."
99,"102908-PRED-11941375467-1789640947.117.wav",MACHINE,8.66,290,340,590,False,0,1184,3951,"olá não posso atender agora deixe sua mensagem que retorno assim que possível","Olá, não posso atender agora. Deixe sua mensagem que retorno assim que possível."
100,"102927-PRED-11973108899-1789640967.134.wav",MACHINE,4.02,270,150,450,False,0,737,3281,"oi márcia","Oi, é o Marcio que fala."
